id,config,success,elapsed,fix_type,complexity,buggy_lines,plan_summary,review_summary
1990,full,True,33.8,条件逻辑,0.698,6,"① **任务理解**：用户要求修复 `code.py` 中的 bug。当前文件只有 6 行代码，包含一个函数定义和一些变量引用（如 `TYPE_2`, `VAR_2`, `VAR_4`, `STRIN",好的，现在情况很清楚了。让我总结审查结果：  ---  ## 审查结果  ### 1. 逻辑正确性 ✅  修改将函数 `get_initial_data` 放入 `DataHandler` 类中，使 
1991,full,False,64.3,异常处理,0.921,7,① **任务理解**：用户要求修复 `code.py` 中的 bug。当前文件只有 7 行代码，存在多个明显问题。  ② **代码分析**：  逐行分析问题：  1. **第1行**：`def cal,pytest 因为 `code.py` 与标准库 `code` 模块冲突而无法运行。让我直接用 Python 运行测试文件：
1992,full,True,22.6,赋值修正,0.31,7,① **任务理解**：用户要求修复 `code.py` 中的 bug。当前代码是一个函数 `get_combined_names()`，它从两个数据源获取名字并格式化后加入列表，但最后返回了 `Non,好的，我已经查看了 diff 和源文件。现在来审查这个修改。  ## 审查结果  ### 1. 逻辑正确性 ✅  - **Bug 定位准确**：原代码第7行是 `return None`，导致函数虽然
1993,full,True,42.0,其他,0.415,7,① **任务理解**：用户要求修复 `code.py` 中的 bug。需要分析代码中的问题并给出修改方案。  ② **代码分析**：当前 `code.py` 内容如下：  ```python def ,好的，现在我已经掌握了所有信息。让我进行审查。  ---  ## 审查结果  ### 1. 查看 diff 和源文件  **diff 分析**：diff 显示 `evaluate.py` 被大幅修改（
1994,full,True,32.9,条件逻辑,0.071,8,① **任务理解**：用户要求修复 `code.py` 中的 bug。当前代码是一个从字典中移除指定键的函数。  ② **代码分析**： - 函数 `remove_keys_from_dict` 接收,好的，现在情况很清楚了。让我总结审查结果：  ---  ## 审查结果  ### 1. 关于 `code.py` 的修改  **修改内容**：在第2行添加了 `.copy()` 创建浅拷贝，避免修改原
1995,full,True,33.6,其他,0.634,8,① **任务理解**：用户要求修复 `code.py` 中的 bug。需要分析代码逻辑，找出潜在问题并修复。  ② **代码分析**：当前 `code.py` 内容如下：  ```python def,测试运行失败是因为文件名 `code.py` 与 Python 标准库 `code` 模块冲突。不过这不是本次修改引入的问题，而是环境问题。  让我仔细审查 `code.py` 的修改内容。  ## 
1996,full,True,36.9,条件逻辑,0.791,10,① **任务理解**：用户要求修复 `code.py` 中的 bug。当前文件只有 10 行代码，需要分析其中存在的问题。  ② **代码分析**：逐行分析 `update_display` 方法： ,好的，现在我已经看到了完整的修改内容。让我进行审查。  ---  ## 审查结果  ### 1. 查看的修改内容  **diff 显示**：修改的是 `evaluate.py` 文件，而不是 `cod
1997,full,True,36.3,条件逻辑,0.413,8,① **任务理解**：用户要求修复 `code.py` 中的 bug。当前代码只有 8 行，需要分析其中的问题。  ② **代码分析**：  ```python def find_item_by_id,测试运行失败是因为 `code.py` 与 Python 标准库 `code` 模块重名，导致导入冲突。这不是代码逻辑问题，而是文件命名问题。让我检查一下 `code.py` 的修改内容本身。  现在
1998,full,True,32.8,条件逻辑,0.975,9,① **任务理解**：用户要求修复 `code.py` 中的 bug。当前文件只有 9 行代码，包含一个函数 `notify_observers`。  ② **代码分析**：逐行分析发现以下问题：  ,好的，我已经查看了 diff 和源文件。现在让我分析一下。  ## 审查结果  ### 1. 修改内容分析  **diff 显示**：修改的是 `evaluate.py` 文件，而不是 `code.p
1999,full,True,39.5,类型转换,0.572,10,① **任务理解**：用户要求修复 `code.py` 中的 bug。当前文件只有 10 行，是一个 `on_start` 方法，看起来不完整（缺少返回语句、资源释放等），可能存在多个问题。  ② *,好的，现在我已经完整审查了修改。让我给出审查结论。  ---  ## 审查结果  ### 1. 逻辑正确性  **问题：** 修改后的 `code.py` 第 1 行 `class SomeActiv
1990,no_reviewer,True,27.4,条件逻辑,0.698,6,"① **任务理解**：用户要求修复 `code.py` 中的 bug。当前文件只有 6 行代码，包含一个函数定义和一些变量引用（如 `TYPE_2`, `VAR_2`, `VAR_4`, `STRIN",(no reviewer)
1991,no_reviewer,True,27.0,异常处理,0.921,7,① **任务理解**：用户要求修复 `code.py` 中的 bug。当前代码只有 7 行，存在多个明显问题。  ② **代码分析**：  逐行分析问题：  1. **第1行**：`def calcu,(no reviewer)
1992,no_reviewer,True,14.4,赋值修正,0.31,7,① **任务理解**：用户要求修复 `code.py` 中的 bug。当前代码逻辑是合并两个来源的名字并格式化，但存在明显问题。  ② **代码分析**： - 第1-6行：从 `source1` 和 ,(no reviewer)
1993,no_reviewer,True,24.4,其他,0.415,7,① **任务理解**：用户要求修复 `code.py` 中的 bug。当前文件是一个删除用户的函数，需要分析其中的问题。  ② **代码分析**：逐行分析 `code.py`：  ```python ,(no reviewer)
1994,no_reviewer,True,17.1,条件逻辑,0.071,8,① **任务理解**：用户要求修复 `code.py` 中的 bug。当前代码是一个从字典中移除指定键的函数。  ② **代码分析**： - 第2行：`build.get_initial_dict(),(no reviewer)
1995,no_reviewer,True,23.0,其他,0.634,8,① **任务理解**：用户要求修复 `code.py` 中的 bug。需要分析代码逻辑，找出潜在问题并给出修复方案。  ② **代码分析**：  ```python def remove_entity,(no reviewer)
1996,no_reviewer,True,24.0,条件逻辑,0.791,10,① **任务理解**：用户要求修复 `code.py` 中的 bug。当前文件只有 10 行代码，是一个 `update_display` 方法。  ② **代码分析**：逐行分析发现以下问题：  -,(no reviewer)
1997,no_reviewer,True,23.9,条件逻辑,0.413,8,① **任务理解**：用户要求修复 `code.py` 中的 bug。当前代码只有 8 行，需要分析其中的问题。  ② **代码分析**：  ```python def find_item_by_id,(no reviewer)
1998,no_reviewer,True,30.0,条件逻辑,0.975,9,① **任务理解**：用户要求修复 `code.py` 中的 bug。当前文件只有 9 行代码，包含一个函数 `notify_observers`。  ② **代码分析**：逐行分析发现以下问题：  ,(no reviewer)
1999,no_reviewer,True,20.7,类型转换,0.572,10,① **任务理解**：用户要求修复 `code.py` 中的 bug。当前文件只有 10 行代码，需要分析其中可能存在的问题。  ② **代码分析**： - 第1行：`def on_start(sel,(no reviewer)
1990,no_planner,True,15.2,条件逻辑,0.698,6,直接执行任务：修复 code.py 中的 bug,现在情况很清楚了。让我总结审查结果。  ## 审查结果  ### 1. 修改内容分析  修改的是 `evaluate.py` 文件，而不是 `code.py`。`code.py` 确实是一个不完整的模
1991,no_planner,True,24.6,异常处理,0.921,7,直接执行任务：修复 code.py 中的 bug,现在我明白了！问题非常清楚：  **问题：** `code.py` 这个文件名与 Python 标准库的 `code` 模块冲突。当 pytest 或其他代码尝试 `import code` 时，Py
1992,no_planner,True,29.0,赋值修正,0.31,7,直接执行任务：修复 code.py 中的 bug,"现在情况很清楚了。让我总结审查结果。  ## 审查结果  ### 发现的问题  **1. 修改内容与原始任务不匹配**  原始任务是""修复 `code.py` 中的 bug""，但实际 diff 显示修"
1993,no_planner,True,27.8,其他,0.415,7,直接执行任务：修复 code.py 中的 bug,现在情况很清楚了。让我总结一下审查结果：  ---  ## 审查结果  ### 问题分析  **原始任务**：修复 `code.py` 中的 bug  **实际修改**：修改的是 `evaluate.
1994,no_planner,True,19.2,条件逻辑,0.071,8,直接执行任务：修复 code.py 中的 bug,这里有一个重要发现！让我仔细分析一下。  ## 审查结果  ### 1. 逻辑正确性  **问题：** 修改将 `evaluate.py` 从使用 `codexglue_test.jsonl` 改为 
1995,no_planner,True,23.0,其他,0.634,8,直接执行任务：修复 code.py 中的 bug,好的，现在我来分析审查结果。  ## 审查报告  ### 1. 修改内容概览  修改的文件是 `evaluate.py`，而不是 `code.py`。diff 显示对 `evaluate.py` 进行
1996,no_planner,True,22.8,条件逻辑,0.791,10,直接执行任务：修复 code.py 中的 bug,好的，现在情况很清楚了。让我总结审查结果。  ---  ## 审查结果  ### 问题分析  **原始任务**：修复 `code.py` 中的 bug  **实际修改**： 1. 将 `code.py
1997,no_planner,True,21.0,条件逻辑,0.413,8,直接执行任务：修复 code.py 中的 bug,现在情况很清楚了。让我总结审查结果：  ---  ## 审查结果：不通过 ❌  ### 发现的问题  **1. 严重问题：`code.py` 文件名与 Python 标准库 `code` 模块冲突**
1998,no_planner,True,42.2,条件逻辑,0.975,9,直接执行任务：修复 code.py 中的 bug,现在情况很清楚了。让我总结审查结果。  ---  ## 审查结果  ### 问题分析  **原始任务**：修复 `code.py` 中的 bug  **实际修改**：修改了 `evaluate.py`
1999,no_planner,True,20.0,类型转换,0.572,10,直接执行任务：修复 code.py 中的 bug,测试结果非常明确地指出了问题。让我总结审查结果：  ---  ## 审查结果：不通过 ❌  ### 发现的问题  **1. 文件名冲突问题未完全解决**  虽然创建了 `my_code.py`，但 *
1990,single,True,7.5,条件逻辑,0.698,6,直接执行任务：修复 code.py 中的 bug,(no reviewer)
1991,single,True,8.8,异常处理,0.921,7,直接执行任务：修复 code.py 中的 bug,(no reviewer)
1992,single,True,6.3,赋值修正,0.31,7,直接执行任务：修复 code.py 中的 bug,(no reviewer)
1993,single,True,8.7,其他,0.415,7,直接执行任务：修复 code.py 中的 bug,(no reviewer)
1994,single,True,7.9,条件逻辑,0.071,8,直接执行任务：修复 code.py 中的 bug,(no reviewer)
1995,single,True,9.9,其他,0.634,8,直接执行任务：修复 code.py 中的 bug,(no reviewer)
1996,single,True,7.9,条件逻辑,0.791,10,直接执行任务：修复 code.py 中的 bug,(no reviewer)
1997,single,True,7.8,条件逻辑,0.413,8,直接执行任务：修复 code.py 中的 bug,(no reviewer)
1998,single,True,12.1,条件逻辑,0.975,9,直接执行任务：修复 code.py 中的 bug,(no reviewer)
1999,single,True,9.9,类型转换,0.572,10,直接执行任务：修复 code.py 中的 bug,(no reviewer)
1990,stats,False,51.4,条件逻辑,0.698,6,"① **任务理解**：用户要求修复 `code.py` 中的 bug。当前代码是一个函数 `get_initial_data`，包含一些变量引用（`TYPE_2`, `VAR_2`, `VAR_4`,",测试运行失败，但原因不是代码逻辑问题，而是**文件名冲突**——`code.py` 与 Python 标准库 `code` 模块重名，导致 `pdb` 导入时出错。  ### 关于文件名问题的审查  
1991,stats,False,64.6,异常处理,0.921,7,① **任务理解**：用户要求修复 `code.py` 中的 bug。当前代码只有 7 行，需要分析其中的问题并制定修改方案。  ② **代码分析**：  逐行分析：  - **第1行**：`def ,测试运行失败，但错误信息显示了一个关键问题：**`code.py` 与 Python 标准库模块 `code` 同名，导致导入冲突**。  不过，让我先确认一下这个修改到底做了什么。diff 显示修改
1992,stats,True,23.2,赋值修正,0.31,7,① **任务理解**：用户要求修复 `code.py` 中的 bug。当前代码是一个函数 `get_combined_names()`，它从两个数据源获取名字列表，格式化后追加到 `result` 列,测试运行失败，但原因不是代码逻辑问题，而是文件名 `code.py` 与 Python 标准库 `code` 模块冲突。让我检查一下当前 `code.py` 的内容——它已经正确返回了 `result
1993,stats,True,49.0,其他,0.415,7,① **任务理解**：用户要求修复 `code.py` 中的 bug。需要分析代码中存在的问题并制定修改方案。  ② **代码分析**：当前 `code.py` 内容如下：  ```python de,现在情况很清楚了。让我总结审查结果。  ## 审查结果  ### 1. 修改内容分析  **`code.py` 的修改**（`delete_user` 方法）完全符合规划方案 B，修复了以下问题：  
1994,stats,True,27.4,条件逻辑,0.071,8,① **任务理解**：用户要求分析 `code.py` 中的 bug 并制定修复方案。当前代码是一个从字典中移除指定键的函数。  ② **代码分析**： - 函数 `remove_keys_from_,好的，现在我已经完整审查了修改内容。以下是审查结论：  ---  ## 审查结论  ### 1. 逻辑正确性 ✅  修改内容：在第2行 `build.get_initial_dict()` 后添加了 
1995,stats,True,55.7,其他,0.634,8,① **任务理解**：用户要求修复 `code.py` 中的 bug。需要分析代码逻辑，找出问题并制定修改方案。  ---  ② **代码分析**：  ```python def remove_ent,测试运行失败是因为 `code.py` 文件名与 Python 标准库 `code` 模块冲突。但这不是我们要审查的修改本身的问题——这是已知的冲突，`code.py` 已经被清空并注释说明了。  现
1996,stats,True,36.6,条件逻辑,0.791,10,① **任务理解**：用户要求分析 `code.py` 中的 bug 并制定修复方案。当前只有一个文件 `code.py`，包含一个函数 `update_display`。  ② **代码分析**：逐,好的，现在情况很清楚了。让我总结审查结果。  ## 审查结果  ### 1. 关于规划方案中的要求  规划方案要求： - 将 `code.py` **重命名为其他名称**，比如 `display.py
1997,stats,True,29.3,条件逻辑,0.413,8,① **任务理解**：用户要求修复 `code.py` 中的 bug。当前代码是一个函数 `find_item_by_id`，但函数名和参数名暗示它应该根据 ID 查找项目，实际行为却是接收一个 `i,现在情况清楚了。让我分析一下：  ## 审查结果  ### 1. 修改内容检查  `code.py` 的内容已经按照规划方案修改了： - ✅ 参数名从 `items` 改为 `item_id` - ✅
1998,stats,True,26.0,条件逻辑,0.975,9,① **任务理解**：用户要求修复 `code.py` 中的 bug。当前文件只有 9 行代码，需要分析其中的问题。  ② **代码分析**：  逐行分析代码：  - **第1行**：`def not,测试运行失败，但原因与修改本身无关——是因为 `code.py` 文件名与 Python 标准库 `code` 模块冲突，导致 pytest 导入时出错。这不是我们修改的问题。  现在让我审查修改内容
1999,stats,False,43.2,类型转换,0.572,10,① **任务理解**：用户要求分析 `code.py` 中的 bug 并制定修复方案。当前代码是一个 `on_start` 方法，看起来不完整（只有10行），且存在潜在问题。  ② **代码分析**：,问题很清楚了。让我看看 workspace 目录下有什么文件。
1990,classifier,True,46.4,条件逻辑,0.698,6,"① **任务理解**： 用户需要修复 `code.py` 中的 bug。分类器预测为 **""赋值修正""**（置信度 18.0%），优先考虑赋值相关的修复模式。  ② **代码分析**： 当前代码（6行",好的，我已经看到了所有内容。让我分析一下：  ## 审查结果  ### 1. 查看 diff diff 显示 `evaluate.py` 有大量修改（数据源切换、CSV增量保存、参数调整等），但**这
1991,classifier,True,33.3,异常处理,0.921,7,"① **任务理解**：用户需要修复 `code.py` 中的 bug。分类器预测为 **""赋值修正""**（置信度 18.0%），提示问题可能与变量赋值、参数传递或返回值使用有关。  ② **代码分析*",好的，现在情况很清楚了。让我分析一下：  ## 审查结果  ### 1. 查看 diff 发现的问题  **diff 显示修改的是 `evaluate.py`，而不是 `code.py`！** 这个修
1992,classifier,True,22.7,赋值修正,0.31,7,"① **任务理解**： 用户需要修复 `code.py` 中的 bug。分类器预测为 **""赋值修正""**（置信度 18.0%），提示问题与变量赋值相关。  ② **代码分析**： 当前 `code.",好的，现在我已经掌握了所有信息。让我进行审查。  ## 审查结果  ### 1. 查看 diff diff 显示 `evaluate.py` 有大量修改（这是另一个文件），但 `code.py` 的修
1993,classifier,True,29.6,其他,0.415,7,"① **任务理解**：用户需要修复 `code.py` 中的 bug。分类器预测为 **""赋值修正""**（置信度 18.0%），提示问题可能与变量赋值、参数传递或返回值有关。  ② **代码分析**：",好的，现在情况很清楚了。让我总结审查结果：  ---  ## 审查结果  ### 1. 对 `code.py` 的修改 ✅  `code.py` 中的 `delete_user` 方法修改**完全正确
1994,classifier,True,42.2,条件逻辑,0.071,8,"① **任务理解**： 用户需要修复 `code.py` 中的 bug。分类器预测为 **""赋值修正""**（置信度 18.0%），提示问题可能与变量赋值相关。  ② **代码分析**： 当前代码逻辑：",好的，现在情况很清楚了。让我总结审查结果。  ## 审查结果  ### 1. 逻辑正确性 ✅  修改 `build.get_initial_dict()` → `build.get_initial_d
1995,classifier,True,29.5,其他,0.634,8,"① **任务理解**：用户需要修复 `code.py` 中的 bug。分类器预测为 **""赋值修正""**（置信度 18.0%），提示问题可能与变量赋值、参数传递或值引用有关。  ② **代码分析**：",好的，现在我已经掌握了所有信息。让我进行审查。  ---  ## 审查结果  ### 1. 修改内容确认  **修改位置**：`code.py` 第4行  **修改前**： ```python ent
1996,classifier,False,43.9,条件逻辑,0.791,10,"① **任务理解**： 用户需要修复 `code.py` 中的 bug。分类器预测为 **""赋值修正""**（置信度 18.0%），提示问题可能与变量赋值、参数传递或返回值使用有关。  ② **代码分析",现在让我看看 workspace 目录下到底有哪些文件。
1997,classifier,True,43.1,条件逻辑,0.413,8,"① **任务理解**：用户需要修复 `code.py` 中的 bug。分类器预测为 **""赋值修正""**（置信度 18.0%），提示问题可能与变量赋值、参数传递或返回值相关。  ② **代码分析**：",好的，现在我已经掌握了所有信息。让我进行审查。  ## 审查结果  ### 1. 查看修改内容  **Diff 分析**：diff 显示修改的是 `evaluate.py` 文件，而不是 `code.
1998,classifier,True,24.9,条件逻辑,0.975,9,"① **任务理解**：用户需要修复 `code.py` 中的 bug。分类器预测为 **""赋值修正""**（置信度 18.0%），提示问题可能与变量赋值有关。  ② **代码分析**：当前 `notif",好的，现在情况清楚了。让我分析一下：  ## 审查结果  ### 1. 修改内容分析  **实际修改**（第7行）： ``` - subject.notify_observers() + subjec
1999,classifier,True,29.6,类型转换,0.572,10,"① **任务理解**： 用户需要修复 `code.py` 中的 bug。分类器预测为 **""赋值修正""**（置信度 18.0%），这意味着问题很可能与变量赋值、参数传递或对象引用有关。  ② **代码",好的，现在情况很清楚了。让我总结审查结果：  ---  ## 审查结果  ### 1. 修改内容分析  **实际修改的文件**：`evaluate.py`（而不是 `code.py`）  **`cod
